ads_txt_line,ad_system,seller_id,relationship,cert_authority_id,sellers_json_found,seller_type,seller_name,seller_domain
79,google.com,pub-5995202563537249,RESELLER,f08c47fec0942fa0,NO,,,
1058,google.com,pub-0000000000000000,DIRECT,f08c47fec0942fa0,NO,,,
1059,google.com,pub-0613861124702373,DIRECT,f08c47fec0942fa0,NO,,,
1060,google.com,pub-0796790890307838,RESELLER,f08c47fec0942fa0,YES,PUBLISHER,Ampliffy,ampliffy.com
1061,google.com,pub-1062972861553303,RESELLER,f08c47fec0942fa0,YES,BOTH,Adapex INC DBA Adapex LLC,adapex.io
1062,google.com,pub-1071602463683652,RESELLER,f08c47fec0942fa0,YES,PUBLISHER,Vice Media,
1063,google.com,pub-1161932234680410,DIRECT,f08c47fec0942fa0,YES,PUBLISHER,Datawrkz Pte Ltd,
1064,google.com,pub-1237260803267758,DIRECT,f08c47fec0942fa0,YES,PUBLISHER,Geniee International Pte. Ltd,geniee.co.jp
1065,google.com,pub-1313834454494130,RESELLER,f08c47fec0942fa0,YES,BOTH,Azerion Technology BV,headerlift.com
1066,google.com,pub-1314236495184973,RESELLER,,YES,PUBLISHER,UAB AKTYVUS SEKTORIUS,eskimi.com
1067,google.com,pub-1320774679920841,RESELLER,f08c47fec0942fa0,YES,BOTH,M.D. PRIMIS TECHNOLOGIES LTD,primis.tech
1068,google.com,pub-1325340429823502,RESELLER,f08c47fec0942fa0,YES,PUBLISHER,Adpushup Inc.,adpushup.com
1069,google.com,pub-1343218370015870,RESELLER,f08c47fec0942fa0,YES,BOTH,IMPACTIFY S.à r.l.,impactify.io
1070,google.com,pub-1415854744871971,RESELLER,,NO,,,
1071,google.com,pub-1463455084986126,RESELLER,f08c47fec0942fa0,YES,PUBLISHER,"PubGrowth, LLC",
1072,google.com,pub-1490961421801363,RESELLER,f08c47fec0942fa0,YES,PUBLISHER,Jetlaging S.L.,
1073,google.com,pub-1539993421461332,RESELLER,f08c47fec0942fa0,NO,,,
1074,google.com,pub-1546102924523412,RESELLER,f08c47fec0942fa0,NO,,,
1075,google.com,pub-1577494284020288,RESELLER,,NO,,,
1076,google.com,pub-1688327249268695,RESELLER,f08c47fec0942fa0,NO,,,
1077,google.com,pub-1724616865008460,RESELLER,f08c47fec0942fa0,YES,BOTH,RELAP MEXICO S.A. de C.V.,relappro.com
1078,google.com,pub-1789253751882305,DIRECT,f08c47fec0942fa0,YES,PUBLISHER,NoBid Inc,nobid.io
1079,google.com,pub-1835489473992347,DIRECT,f08c47fec0942fa0,YES,BOTH,OpsCo LLC,ops.co
1080,google.com,pub-1934348181677187,RESELLER,f08c47fec0942fa0,NO,,,
1081,google.com,pub-1937576406332709,DIRECT,f08c47fec0942fa0,YES,BOTH,成果行銷有限公司,sales-frontier.com
1082,google.com,pub-1937576406332709,RESELLER,f08c47fec0942fa0,YES,BOTH,成果行銷有限公司,sales-frontier.com
1083,google.com,pub-1968276357835282,RESELLER,f08c47fec0942fa0,YES,PUBLISHER,"VLN Servicios Publicitarios Integrales, SL DBA SunMedia",
1084,google.com,pub-2024690810381654,RESELLER,f08c47fec0942fa0,YES,BOTH,BROW.SI MOBILE LLC,browsi.com
1085,google.com,pub-2067800044730756,RESELLER,f08c47fec0942fa0,YES,BOTH,株式会社アイモバイル,i-mobile.co.jp
1086,google.com,pub-2128757167812663,RESELLER,f08c47fec0942fa0,YES,BOTH,Adpone SL,adpone.com
1087,google.com,pub-2128757167812663,RESELLER,f08c47fec0942fa0,YES,BOTH,Adpone SL,adpone.com
1088,google.com,pub-2231446968599521,RESELLER,f08c47fec0942fa0,YES,BOTH,Beintoo S.p.A.,beintoo.com
1089,google.com,pub-2365476750527237,RESELLER,,NO,,,
1090,google.com,pub-2403018226404213,RESELLER,f08c47fec0942fa0,YES,BOTH,Ellipsis Limited,vdo.ai
1091,google.com,pub-2561470205289901,RESELLER,f08c47fec0942fa0,YES,BOTH,Readwhere Digital DMCC,readwhere.digital
1092,google.com,pub-2661397759906392,RESELLER,f08c47fec0942fa0,NO,,,
1093,google.com,pub-2676898002317977,RESELLER,f08c47fec0942fa0,NO,,,
1094,google.com,pub-2752900512448375,RESELLER,,NO,,,
1095,google.com,pub-2754312069774654,DIRECT,f08c47fec0942fa0,YES,PUBLISHER,TUBIA FZCO,gitberry.com
1096,google.com,pub-2801326990568508,RESELLER,f08c47fec0942fa0,YES,BOTH,ユナイテッド株式会社,ad-stir.com
1097,google.com,pub-2831120411392012,RESELLER,f08c47fec0942fa0,YES,BOTH,Vidoomy,vidoomy.com
1098,google.com,pub-2843405949989126,RESELLER,f08c47fec0942fa0,YES,BOTH,Maelico LTD,hyperaudience.com
1099,google.com,pub-2930805104418204,RESELLER,f08c47fec0942fa0,YES,BOTH,Yediot Internet,adipolo.com
1100,google.com,pub-3191894791526522,RESELLER,f08c47fec0942fa0,NO,,,
1101,google.com,pub-3494520468788589,DIRECT,f08c47fec0942fa0,YES,BOTH,Vuukle DMCC,vuukle.com
1102,google.com,pub-3565385483761681,DIRECT,f08c47fec0942fa0,YES,BOTH,"DIDNA, INC.",didna.io
1103,google.com,pub-3565385483761681,RESELLER,f08c47fec0942fa0,YES,BOTH,"DIDNA, INC.",didna.io
1104,google.com,pub-3581134557083583,RESELLER,,NO,,,
1105,google.com,pub-3762254771375579,RESELLER,f08c47fec0942fa0,NO,,,
1106,google.com,pub-3769010358500643,RESELLER,f08c47fec0942fa0,NO,,,
1107,google.com,pub-3846271310706723,RESELLER,f08c47fec0942fa0,YES,BOTH,株式会社フォーエム,fourm.jp
1108,google.com,pub-3848273848634341,RESELLER,f08c47fec0942fa0,YES,PUBLISHER,"GumGum, Inc",
1109,google.com,pub-3859050685269056,RESELLER,f08c47fec0942fa0,YES,BOTH,株式会社fluct,adingo.jp
1110,google.com,pub-3892029022285727,DIRECT,f08c47fec0942fa0,NO,,,
1111,google.com,pub-3960095709930134,RESELLER,f08c47fec0942fa0,YES,BOTH,152 Media,152media.info
1112,google.com,pub-3990748024667386,RESELLER,f08c47fec0942fa0,NO,,,
1113,google.com,pub-4052393426211360,DIRECT,f08c47fec0942fa0,YES,BOTH,株式会社サイバーエージェント,caprofitx.com
1114,google.com,pub-4052393426211360,RESELLER,f08c47fec0942fa0,YES,BOTH,株式会社サイバーエージェント,caprofitx.com
1115,google.com,pub-4090704406626496,RESELLER,f08c47fec0942fa0,YES,BOTH,TargetVideo GmbH,brid.tv
1116,google.com,pub-4094152962392845,RESELLER,f08c47fec0942fa0,YES,BOTH,Platform One Inc,impact-ad.jp
1117,google.com,pub-4177862836555934,RESELLER,f08c47fec0942fa0,YES,PUBLISHER,NYTimes,nytimes.com
1118,google.com,pub-4207323757133151,RESELLER,f08c47fec0942fa0,YES,BOTH,Dream Ad S.A.,audienciad.com
1119,google.com,pub-4231984443817768,RESELLER,f08c47fec0942fa0,YES,PUBLISHER,Platform One Inc,
1120,google.com,pub-4282252113865235,RESELLER,f08c47fec0942fa0,YES,BOTH,Vidazoo Ltd,vidazoo.com
1121,google.com,pub-4298468747313319,RESELLER,f08c47fec0942fa0,YES,BOTH,GENIEE ADTECH - FZCO,adpushup.com
1122,google.com,pub-4299156005397946,RESELLER,f08c47fec0942fa0,YES,PUBLISHER,"Infolinks Media, LLC",
1123,google.com,pub-4301669675472368,RESELLER,f08c47fec0942fa0,YES,PUBLISHER,IMPACTIFY S.à r.l.,impactify.io
1124,google.com,pub-4422389919643724,RESELLER,,NO,,,
1125,google.com,pub-4568609371004228,RESELLER,f08c47fec0942fa0,NO,,,
1126,google.com,pub-4586415728471297,RESELLER,f08c47fec0942fa0,YES,BOTH,Playstream,playstream.media
1127,google.com,pub-4673227357197067,RESELLER,f08c47fec0942fa0,YES,BOTH,PUBNET PUBLICIDAD Y MARKETING SL DBA Rich Audience,richaudience.com
1128,google.com,pub-4836542095728076,RESELLER,f08c47fec0942fa0,YES,BOTH,Medmob,pmbmonetize.com
1129,google.com,pub-4840957698714364,DIRECT,f08c47fec0942fa0,YES,PUBLISHER,株式会社鹿鳴社,
1130,google.com,pub-4903453974745530,RESELLER,f08c47fec0942fa0,YES,BOTH,Medmob,adipolosolutions.com
1131,google.com,pub-4918399563784572,RESELLER,,NO,,,
1132,google.com,pub-4922636429462910,RESELLER,,NO,,,
1133,google.com,pub-5041886492880162,RESELLER,f08c47fec0942fa0,YES,PUBLISHER,Jetlaging S.L.,
1134,google.com,pub-5220355228068715,RESELLER,,NO,,,
1135,google.com,pub-5231479214411897,RESELLER,f08c47fec0942fa0,YES,BOTH,Online Media Solutions Ltd.,onlinemediasolutions.com
1136,google.com,pub-5278973888786334,RESELLER,f08c47fec0942fa0,YES,BOTH,eSell Solutions Ltd. DBA MonetizeMore,monetizemore.com
1137,google.com,pub-5289985627731322,RESELLER,f08c47fec0942fa0,NO,,,
1138,google.com,pub-5373693997956134,RESELLER,f08c47fec0942fa0,NO,,,
1139,google.com,pub-5512390705137507,RESELLER,f08c47fec0942fa0,YES,BOTH,Publishers Revenue Optimization Sp. z o.o.,optad360.com
1140,google.com,pub-5533854580432370,RESELLER,f08c47fec0942fa0,YES,BOTH,DIGITAL REVENUE LLC,revloq.com
1141,google.com,pub-5544963362143736,RESELLER,,NO,,,
1142,google.com,pub-5617098146054077,RESELLER,f08c47fec0942fa0,NO,,,
1143,google.com,pub-5717092533913515,RESELLER,f08c47fec0942fa0,YES,BOTH,"Gannett Co., Inc. DBA Gannett Media Corp.",gannett.com
1144,google.com,pub-5746030484598936,RESELLER,,YES,BOTH,Planet Sport Limited,planetsport.com
1145,google.com,pub-5897179876377792,RESELLER,f08c47fec0942fa0,YES,BOTH,株式会社ジーニー,genieesspv.jp
1146,google.com,pub-5898576126922512,DIRECT,f08c47fec0942fa0,YES,PUBLISHER,,
1147,google.com,pub-5995202563537249,RESELLER,f08c47fec0942fa0,NO,,,
1148,google.com,pub-6070398767421094,RESELLER,f08c47fec0942fa0,YES,BOTH,Mediology Software Private Limited,rwadx.com
1149,google.com,pub-6110672335579159,RESELLER,f08c47fec0942fa0,NO,,,
1150,google.com,pub-6322541192886560,RESELLER,f08c47fec0942fa0,YES,BOTH,Yediot Internet,truvid.com
1151,google.com,pub-6331119926849614,RESELLER,,NO,,,
1152,google.com,pub-6346866704322274,RESELLER,f08c47fec0942fa0,YES,BOTH,Aniview,aniview.com
1153,google.com,pub-6373315980741255,RESELLER,f08c47fec0942fa0,YES,PUBLISHER,Thriving Plus LLC,
1154,google.com,pub-6479999173277695,RESELLER,f08c47fec0942fa0,YES,BOTH,Hindsight Technology Solutions Inc,lhkmedia.io
1155,google.com,pub-6582910611188121,RESELLER,f08c47fec0942fa0,YES,BOTH,Geniee - 2,adpushup.com
1156,google.com,pub-6588918837029453,RESELLER,,NO,,,
1157,google.com,pub-6694481294649483,RESELLER,f08c47fec0942fa0,YES,BOTH,"Consumable, inc.",consumable.com
1158,google.com,pub-6726631800845520,RESELLER,f08c47fec0942fa0,YES,BOTH,DormKnight Pte. Ltd.,gliacloud.com
1159,google.com,pub-6733417337840393,RESELLER,f08c47fec0942fa0,NO,,,
1160,google.com,pub-6902591662237607,RESELLER,,NO,,,
1161,google.com,pub-6982872722536698,DIRECT,f08c47fec0942fa0,YES,PUBLISHER,,
1162,google.com,pub-7019376976432612,RESELLER,,YES,BOTH,Dailymotion Advertising,nsightvideo.com
1163,google.com,pub-7019376976432612,RESELLER,f08c47fec0942fa0,YES,BOTH,Dailymotion Advertising,nsightvideo.com
1164,google.com,pub-7079691902491759,RESELLER,f08c47fec0942fa0,NO,,,
1165,google.com,pub-7094677798399606,RESELLER,f08c47fec0942fa0,YES,BOTH,Zero1 Inc,atlas5.co
1166,google.com,pub-7171208642811509,RESELLER,f08c47fec0942fa0,NO,,,
1167,google.com,pub-7214269347534569,DIRECT,f08c47fec0942fa0,YES,BOTH,TUBIA FZCO,gitberry.com
1168,google.com,pub-7269238500499280,RESELLER,f08c47fec0942fa0,YES,BOTH,Next Millennium,nextmillennium.io
1169,google.com,pub-7279729872265667,RESELLER,f08c47fec0942fa0,YES,BOTH,"Niche Classified Media, LLC",publiffy.com
1170,google.com,pub-7310785613215102,DIRECT,f08c47fec0942fa0,NO,,,
1171,google.com,pub-7439041255533808,RESELLER,f08c47fec0942fa0,YES,BOTH,Media.Net Advertising FZ-LLC,media.net
1172,google.com,pub-7538555282033458,RESELLER,f08c47fec0942fa0,YES,BOTH,ShowHeroes S.r.l a socio unico,viralize.com
1173,google.com,pub-7620071422727774,RESELLER,f08c47fec0942fa0,NO,,,
1174,google.com,pub-7656528024992436,RESELLER,,NO,,,
1175,google.com,pub-7793214749664532,DIRECT,,NO,,,
1176,google.com,pub-7858377917172490,RESELLER,f08c47fec0942fa0,NO,,,
1177,google.com,pub-7945044863874787,RESELLER,f08c47fec0942fa0,YES,BOTH,Geniee International Pte.Ltd.,genieegroup.com
1178,google.com,pub-7962068400262135,RESELLER,,NO,,,
1179,google.com,pub-7972728500229907,DIRECT,f08c47fec0942fa0,NO,,,
1180,google.com,pub-7995104076770938,DIRECT,f08c47fec0942fa0,YES,BOTH,"H Code Media, Inc.",hcodemedia.com
1181,google.com,pub-7995104076770938,RESELLER,f08c47fec0942fa0,YES,BOTH,"H Code Media, Inc.",hcodemedia.com
1182,google.com,pub-8021452534523035,RESELLER,,NO,,,
1183,google.com,pub-8140320482533913,RESELLER,f08c47fec0942fa0,NO,,,
1184,google.com,pub-8172268348509349,RESELLER,f08c47fec0942fa0,NO,,,
1185,google.com,pub-8221793852898543,RESELLER,f08c47fec0942fa0,YES,BOTH,"VLN Servicios Publicitarios Integrales, SL DBA SunMedia",sunmedia.tv
1186,google.com,pub-8241049497608997,RESELLER,f08c47fec0942fa0,YES,BOTH,Yieldbird Sp. z o.o.,yieldbird.com
1187,google.com,pub-8278416939377896,DIRECT,f08c47fec0942fa0,YES,PUBLISHER,152 Media,
1188,google.com,pub-8278416939377896,RESELLER,f08c47fec0942fa0,YES,PUBLISHER,152 Media,
1189,google.com,pub-8309773808661346,RESELLER,f08c47fec0942fa0,YES,BOTH,"WMG INTERNATIONAL, INC.",adwmg.com
1190,google.com,pub-8376169300140203,RESELLER,f08c47fec0942fa0,NO,,,
1191,google.com,pub-8415754845210549,RESELLER,f08c47fec0942fa0,NO,,,
1192,google.com,pub-8434185908489285,DIRECT,,NO,,,
1193,google.com,pub-8469965667274063,RESELLER,f08c47fec0942fa0,NO,,,
1194,google.com,pub-8536066741654249,RESELLER,f08c47fec0942fa0,NO,,,
1195,google.com,pub-8584156348842922,RESELLER,f08c47fec0942fa0,YES,BOTH,ADSOLUT TECHNOLOGY SERVICES L.L.C,adsolut.in
1196,google.com,pub-8586265011624107,RESELLER,f08c47fec0942fa0,NO,,,
1197,google.com,pub-8600492219386651,DIRECT,f08c47fec0942fa0,NO,,,
1198,google.com,pub-8622186303703569,DIRECT,f08c47fec0942fa0,NO,,,
1199,google.com,pub-8622186303703569,RESELLER,f08c47fec0942fa0,NO,,,
1200,google.com,pub-8655001720710332,RESELLER,f08c47fec0942fa0,NO,,,
1201,google.com,pub-8787923930478618,RESELLER,f08c47fec0942fa0,YES,BOTH,Truvid Inc,truvid.com
1202,google.com,pub-8856559311549217,DIRECT,f08c47fec0942fa0,YES,BOTH,Datawrkz Pte Ltd,datawrkz.com
1203,google.com,pub-8863191426564274,RESELLER,f08c47fec0942fa0,YES,BOTH,Vidgyor Media Technologies Pvt. Ltd.,vidgyor.com
1204,google.com,pub-8871336478836087,RESELLER,,NO,,,
1205,google.com,pub-8933329999391104,RESELLER,f08c47fec0942fa0,YES,BOTH,Adpushup Inc.,adpushup.com
1206,google.com,pub-8958360472852017,RESELLER,,NO,,,
1207,google.com,pub-9042063282075774,DIRECT,f08c47fec0942fa0,YES,BOTH,Kiosked Information System LTD,kiosked.com
1208,google.com,pub-9042063282075774,RESELLER,f08c47fec0942fa0,YES,BOTH,Kiosked Information System LTD,kiosked.com
1209,google.com,pub-9058291854443881,RESELLER,f08c47fec0942fa0,YES,BOTH,AnyMind Group Pte Ltd,anymanager.io
1210,google.com,pub-9115524111147081,RESELLER,f08c47fec0942fa0,NO,,,
1211,google.com,pub-9135355251665930,RESELLER,f08c47fec0942fa0,YES,BOTH,Greeter HOLDINGS LTD,opamarketplace.com
1212,google.com,pub-9148265802523938,RESELLER,f08c47fec0942fa0,NO,,,
1213,google.com,pub-9341661452948405,RESELLER,f08c47fec0942fa0,NO,,,
1214,google.com,pub-9404419171574902,RESELLER,f08c47fec0942fa0,NO,,,
1215,google.com,pub-9437908988958594,RESELLER,,NO,,,
1216,google.com,pub-9507736279911916,RESELLER,f08c47fec0942fa0,YES,PUBLISHER,,
1217,google.com,pub-9537482965432740,RESELLER,,NO,,,
1218,google.com,pub-9557089510405422,RESELLER,f08c47fec0942fa0,YES,BOTH,"33Across, Inc.",33across.com
1219,google.com,pub-9685734445476814,RESELLER,f08c47fec0942fa0,YES,PUBLISHER,Sharethrough Inc,
1220,google.com,pub-9790762811057699,RESELLER,f08c47fec0942fa0,YES,BOTH,EX.CO Technologies LTD,playbuzz.com
1221,google.com,pub-9829476400767085,DIRECT,f08c47fec0942fa0,YES,BOTH,ShowHeroes SE,showheroes.com
1222,google.com,pub-9857612698505806,RESELLER,f08c47fec0942fa0,YES,BOTH,OMG Studios LTD,omgstudios.com
1223,google.com,pub-9875256246856607,DIRECT,f08c47fec0942fa0,YES,BOTH,集雅科技股份有限公司,gliacloud.com
1224,google.com,pub-9875256246856607,RESELLER,f08c47fec0942fa0,YES,BOTH,集雅科技股份有限公司,gliacloud.com
1225,google.com,pub-9906390458639046,RESELLER,,NO,,,
1226,google.com,pub-9910893758418484,DIRECT,,NO,,,
1227,google.com,pub-9945624415527048,DIRECT,f08c47fec0942fa0,NO,,,
